"Status","Start Time","Stop Time","Duration in ms","Parent Suite","Suite","Sub Suite","Test Class","Test Method","Name","Description"
"passed","Sat Jul 18 18:21:52 CST 2020","Sat Jul 18 18:21:52 CST 2020","1","testing","test_cal","TestCalc","","","test_div[hunhe]",""
"passed","Sat Jul 18 18:21:51 CST 2020","Sat Jul 18 18:21:51 CST 2020","0","testing","test_cal","TestCalc","","","test_add[fushu]",""
"passed","Sat Jul 18 18:21:51 CST 2020","Sat Jul 18 18:21:51 CST 2020","1","testing","test_cal","TestCalc","","","test_cut[float]",""
"passed","Sat Jul 18 18:21:52 CST 2020","Sat Jul 18 18:21:52 CST 2020","0","testing","test_cal","TestCalc","","","test_div[bignum]",""
"failed","Sat Jul 18 18:21:51 CST 2020","Sat Jul 18 18:21:51 CST 2020","1","testing","test_cal","TestCalc","","","test_mult[float]",""
"passed","Sat Jul 18 18:21:51 CST 2020","Sat Jul 18 18:21:51 CST 2020","0","testing","test_cal","TestCalc","","","test_mult[int]",""
"passed","Sat Jul 18 18:21:51 CST 2020","Sat Jul 18 18:21:51 CST 2020","0","testing","test_cal","TestCalc","","","test_mult[bignum]",""
"passed","Sat Jul 18 18:21:51 CST 2020","Sat Jul 18 18:21:51 CST 2020","0","testing","test_cal","TestCalc","","","test_mult[hunhe]",""
"passed","Sat Jul 18 18:21:51 CST 2020","Sat Jul 18 18:21:51 CST 2020","0","testing","test_cal","TestCalc","","","test_cut[bignum]",""
"passed","Sat Jul 18 18:21:52 CST 2020","Sat Jul 18 18:21:52 CST 2020","0","testing","test_cal","TestCalc","","","test_div[int]",""
"passed","Sat Jul 18 18:21:51 CST 2020","Sat Jul 18 18:21:51 CST 2020","0","testing","test_cal","TestCalc","","","test_add[float]",""
"passed","Sat Jul 18 18:21:51 CST 2020","Sat Jul 18 18:21:51 CST 2020","0","testing","test_cal","TestCalc","","","test_add[bignum]",""
"passed","Sat Jul 18 18:21:52 CST 2020","Sat Jul 18 18:21:52 CST 2020","0","testing","test_cal","TestCalc","","","test_div[fushu]",""
"passed","Sat Jul 18 18:21:51 CST 2020","Sat Jul 18 18:21:51 CST 2020","1","testing","test_cal","TestCalc","","","test_cut[int]",""
"passed","Sat Jul 18 18:21:51 CST 2020","Sat Jul 18 18:21:51 CST 2020","0","testing","test_cal","TestCalc","","","test_cut[hunhe]",""
"passed","Sat Jul 18 18:21:52 CST 2020","Sat Jul 18 18:21:52 CST 2020","0","testing","test_cal","TestCalc","","","test_div[float]",""
"passed","Sat Jul 18 18:21:51 CST 2020","Sat Jul 18 18:21:51 CST 2020","0","testing","test_cal","TestCalc","","","test_add[hunhe]",""
"passed","Sat Jul 18 18:21:51 CST 2020","Sat Jul 18 18:21:51 CST 2020","0","testing","test_cal","TestCalc","","","test_mult[fushu]",""
"passed","Sat Jul 18 18:21:51 CST 2020","Sat Jul 18 18:21:51 CST 2020","1","testing","test_cal","TestCalc","","","test_add[int]",""
"passed","Sat Jul 18 18:21:51 CST 2020","Sat Jul 18 18:21:51 CST 2020","0","testing","test_cal","TestCalc","","","test_cut[fushu]",""
